CIC0,SM1_Dz(Z),GATS1i,NdsCH,NdssC,MLOGP,LC-50
0.47861,0.468031,0.969835,-0.378427,0.597155,-0.457922,3.77
-0.937891,-0.113122,-1.092033,-0.378427,-0.563909,-0.531186,3.115
-1.022538,0.022247,-1.173188,-0.378427,-0.563909,-0.531186,3.531
0.170445,-0.694274,0.452466,1.273551,-0.563909,-0.210919,3.51
-1.063538,0.463363,-1.099641,-0.378427,-0.563909,-0.155797,5.39
0.428351,-0.694274,2.240432,-0.378427,-0.563909,-0.97914,1.819
0.371479,-1.46681,-0.584808,-0.378427,-0.563909,0.581026,3.947
0.134734,-1.46681,-0.901823,1.273551,-0.563909,0.51753,3.513
-0.367852,-0.302171,-0.769945,-0.378427,-0.563909,0.581026,4.402
-0.084817,-1.154061,-0.87139,-0.378427,-0.563909,-0.361633,3.021
-0.652211,-1.154061,-1.142755,-0.378427,-0.563909,-0.237434,3.21
-0.225012,-0.94634,-0.863782,-0.378427,-0.563909,-0.361633,2.371
-0.510693,-0.94634,-0.924648,1.273551,-0.563909,-0.237434,3.919
-0.084817,-1.154061,-0.143523,-0.378427,-0.563909,-0.174636,3.03
-0.104656,-0.694274,-0.057295,-0.378427,0.597155,-0.78726,2.736
-1.021215,-0.88099,-0.455466,-0.378427,-0.563909,-1.371973,2.157
-0.084817,-1.154061,0.072048,-0.378427,-0.563909,-0.63515,2.413
0.153251,-0.159801,1.236128,-0.378427,-0.563909,-1.551992,0.898
0.166477,-0.411867,3.561752,-0.378427,-0.563909,-0.699343,0.45
0.182348,-0.521562,-0.224679,1.273551,-0.563909,-0.210919,3.733
-0.252786,0.801785,1.510029,-0.378427,2.919283,-2.287419,2.976
0.105637,1.441286,-0.483363,-0.378427,0.597155,1.310871,6.535
0.281543,0.241638,-0.939865,-0.378427,-0.563909,1.366691,5.643
0.551352,-0.94634,-0.846029,-0.378427,-0.563909,0.897106,4.629
-0.248819,0.703759,-1.444554,-0.378427,-0.563909,0.290762,4.838
0.565901,0.043253,-0.780089,-0.378427,0.597155,0.699643,4.081
0.573836,-1.154061,0.001036,-0.378427,-0.563909,0.279598,3.436
1.319781,-1.154061,1.750961,-0.378427,-0.563909,0.336116,3.45
0.339737,0.022247,2.116162,-0.378427,-0.563909,-2.125541,1.102
-0.554338,0.603399,-0.861245,-0.378427,-0.563909,-0.252086,4.257
-2.411264,1.2429,-1.08696,-0.378427,0.597155,-1.455005,5.386
0.987809,-0.94634,-0.351485,-0.378427,-0.563909,0.507762,3.393
0.23922,-0.465548,2.133915,-0.378427,-0.563909,-1.835278,1.308
0.573836,-1.154061,0.571664,-0.378427,-0.563909,0.092602,3.554
-0.227657,-0.309173,-0.290618,-0.378427,0.597155,-0.732137,2.269
0.838356,-1.154061,-0.46561,-0.378427,-0.563909,0.491016,4.165
1.743012,-0.94634,-0.115625,-0.378427,-0.563909,2.079092,5.896
0.934905,-1.46681,-0.364165,-0.378427,-0.563909,1.01363,4.829
0.026282,-0.94634,-0.886607,4.577507,-0.563909,-0.030202,4.59
1.236457,-0.521562,0.579272,-0.378427,0.597155,0.964787,2.092
1.019552,-0.94634,0.774554,-0.378427,-0.563909,0.11493,3.665
-0.098043,-0.94634,-0.744584,1.273551,-0.563909,-0.005083,3.56
-0.879697,0.026915,-0.947474,1.273551,-0.563909,0.181913,4.805
0.270962,-1.154061,0.127842,-0.378427,-0.563909,-0.402102,3.174
2.003563,-0.159801,-0.313443,1.273551,1.758219,1.253655,7.899
0.982519,-0.694274,1.621618,-0.378427,0.597155,-0.379774,2.67
0.231284,0.150614,1.413656,-0.378427,1.758219,-0.922623,4.016
0.150606,-0.94634,-0.686253,-0.378427,-0.563909,0.058412,3.857
1.216618,0.150614,0.845565,2.925529,1.758219,0.075158,5.522
1.683495,0.150614,0.974907,-0.378427,1.758219,0.516135,4.851
1.10552,-0.94634,0.396671,2.925529,0.597155,0.371701,3.84
1.10552,-0.94634,0.203926,2.925529,1.758219,0.371701,4.586
-1.021215,0.813454,-1.325356,-0.378427,-0.563909,1.176205,5.284
-0.902181,0.117939,-1.343109,-0.378427,-0.563909,0.13028,3.559
0.371479,-1.46681,-0.584808,-0.378427,-0.563909,0.581026,4.091
-0.367852,-0.302171,-0.769945,-0.378427,-0.563909,0.768022,4.33
-0.225012,-0.94634,-0.863782,-0.378427,-0.563909,-0.174636,3.755
-1.021215,0.470364,-1.000732,-0.378427,-0.563909,0.955019,4.552
-0.902181,-0.108454,-1.152899,-0.378427,-0.563909,0.01236,3.62
-1.074119,0.026915,-1.155436,-0.378427,-0.563909,0.01236,4.459
-0.084817,-1.154061,-0.87139,-0.378427,-0.563909,-0.174636,2.827
-1.021215,-0.521562,-0.955082,6.229485,1.758219,-1.184976,6.38
0.240542,-0.521562,0.799915,1.273551,0.597155,-0.342096,4.786
-1.669287,0.026915,1.018021,-0.378427,-0.563909,-1.18707,3.861
-0.898213,-0.057107,0.617314,-0.378427,-0.563909,-0.058112,3.262
-1.724836,-0.94634,0.099945,2.925529,-0.563909,-1.406163,6.297
-1.428575,-0.302171,0.442322,1.273551,-0.563909,-0.305115,3.546
-1.84916,0.470364,1.515101,-0.378427,-0.563909,-0.203942,2.92
-1.833289,0.026915,1.395904,-0.378427,-0.563909,-1.229632,3.203
-0.447208,-1.154061,1.177797,-0.378427,-0.563909,-1.229632,2.283
-1.428575,-1.154061,0.383991,-0.378427,-0.563909,-1.330806,1.559
-2.035646,-1.154061,-0.414888,1.273551,-0.563909,-1.406163,3.47
-2.950883,-0.108454,0.170956,-0.378427,-0.563909,-1.330806,4.748
-0.747437,-0.88099,1.654588,-0.378427,-0.563909,-2.20648,2.576
-1.153475,-0.94634,0.343413,1.273551,-0.563909,-1.330806,5.259
-1.724836,-0.94634,-0.572127,-0.378427,-0.563909,-1.330806,4.564
-2.55675,0.026915,1.018021,1.273551,-0.563909,-1.330806,4.37
-1.252669,-0.521562,1.482132,-0.378427,-0.563909,-2.20648,0.053
-2.510459,-0.521562,0.523477,2.925529,-0.563909,-2.383011,2.381
-1.833289,-0.694274,0.845565,1.273551,-0.563909,-1.741082,2.891
0.424383,-0.521562,0.78977,-0.378427,-0.563909,-0.97914,1.088
1.113456,-1.154061,0.728903,-0.378427,-0.563909,0.11493,3.721
1.019552,-0.332513,0.203926,-0.378427,-0.563909,0.82454,3.701
0.888614,1.740031,2.448394,-0.378427,-0.563909,-0.041366,6.083
4.004652,-1.154061,0.957154,-0.378427,-0.563909,2.856384,4.628
1.195457,-0.521562,0.591953,1.273551,-0.563909,-0.167659,3.7
-0.12714,-0.94634,0.77709,-0.378427,0.597155,-0.729346,1.842
-0.867794,1.091194,1.555679,-0.378427,0.597155,-2.839338,3.396
-1.267218,0.281315,-0.5772,-0.378427,-0.563909,-0.43071,2.99
-1.021215,-0.521562,1.005341,1.273551,0.597155,-1.137529,3.573
0.240542,-0.94634,0.733976,-0.378427,0.597155,-0.465597,2.271
0.501094,-0.94634,1.459307,-0.378427,-0.563909,-0.364424,2.085
0.371479,-1.46681,-0.584808,-0.378427,-0.563909,0.581026,3.822
-0.225012,-0.94634,-0.863782,-0.378427,-0.563909,-0.174636,3.29
-0.367852,-0.302171,-0.769945,-0.378427,-0.563909,0.768022,3.84
-0.902181,-0.108454,-1.152899,-0.378427,-0.563909,0.01236,3.979
-0.084817,-1.154061,-0.87139,-0.378427,-0.563909,-0.174636,3.47
-0.71305,-0.521562,-1.216303,-0.378427,-0.563909,-0.848661,3.314
-0.440595,0.150614,1.758569,-0.378427,1.758219,-1.431979,4.031
-1.075441,1.051517,-1.010877,-0.378427,-0.563909,1.363202,4.74
-0.843987,-0.057107,-1.160508,-0.378427,-0.563909,0.652894,4.194
0.015701,-1.46681,-0.744584,-0.378427,-0.563909,0.347978,3.447
-0.510693,-1.154061,-0.0015,-0.378427,-0.563909,-0.881456,2.364
-0.843987,-0.302171,-0.980443,-0.378427,-0.563909,0.534974,3.645
0.240542,-0.94634,0.231823,-0.378427,-0.563909,-0.637941,2.07
-0.042494,-0.94634,0.099945,-0.378427,0.597155,-0.739115,2.27
-0.67734,-0.94634,-1.107249,-0.378427,-0.563909,-0.420941,3.513
-0.510693,-1.154061,-0.0015,-0.378427,-0.563909,-0.881456,2.811
0.807936,0.526379,0.467683,-0.378427,-0.563909,0.096788,2.832
0.108282,-0.88099,2.453467,-0.378427,-0.563909,-1.515709,1.639
-0.510693,-1.154061,-0.0015,-0.378427,-0.563909,-0.881456,2.016
0.108282,-0.88099,1.687558,-0.378427,-0.563909,-1.515709,1.651
0.745774,-0.521562,1.073816,-0.378427,0.597155,-0.034389,4.097
-0.189302,-0.521562,0.673109,-0.378427,0.597155,-0.776793,3.123
-0.189302,-0.521562,1.395904,-0.378427,0.597155,-0.776793,3.231
-1.15612,0.813454,0.087264,-0.378427,-0.563909,0.345187,5.052
-0.382401,-0.057107,0.597025,-0.378427,-0.563909,0.216103,3.572
-0.026622,-1.154061,0.990124,-0.378427,-0.563909,-0.913552,2.436
-1.239443,-1.154061,-0.199317,1.273551,-0.563909,-1.089385,2.567
-0.308335,-0.88099,1.187942,-0.378427,-0.563909,-1.844349,1.795
-2.178487,-0.88099,-0.425032,-0.378427,-0.563909,-2.020181,5.072
-0.689243,-0.694274,2.073048,-0.378427,-0.563909,-1.844349,2.156
-0.703792,-0.521562,3.328429,-0.378427,-0.563909,-1.561063,1.037
-0.026622,-1.154061,2.050223,-0.378427,-0.563909,-0.913552,1.932
-1.239443,-1.154061,-0.059831,-0.378427,-0.563909,-1.362902,2.505
-0.576823,-0.94634,0.952082,-0.378427,-0.563909,-1.18707,1.524
-1.481479,-0.94634,-0.229751,-0.378427,-0.563909,-1.362902,3.048
0.940196,0.42602,-0.265257,-0.378427,-0.563909,0.82454,5.115
0.552675,-0.94634,0.703542,-0.378427,0.597155,-0.219292,2.856
-1.187862,0.150614,-0.41996,2.925529,1.758219,-1.785738,4.366
1.683495,0.150614,0.974907,-0.378427,1.758219,0.516135,4.976
0.552675,-0.94634,0.703542,-0.378427,0.597155,-0.219292,2.94
0.717999,-1.46681,0.94701,-0.378427,-0.563909,0.981533,4.538
-0.620468,0.470364,1.020557,-0.378427,-0.563909,0.345187,3.391
0.323866,-1.154061,0.881071,-0.378427,-0.563909,-0.628173,2.692
-0.12714,-0.94634,0.77709,1.273551,-0.563909,-0.729346,3.825
-1.021215,-0.521562,-0.422496,-0.378427,-0.563909,-1.629442,3.206
-0.250141,-0.694274,1.974139,-0.378427,-0.563909,-1.528269,1.78
-0.260722,-0.521562,1.799147,-0.378427,-0.563909,-1.528269,0.533
0.468029,-1.46681,0.312979,-0.378427,-0.563909,0.708016,3.299
-1.041054,-1.154061,-0.102945,-0.378427,-0.563909,-1.145205,2.914
-1.075441,-0.159801,2.93533,-0.378427,-0.563909,-1.851326,1.18
0.612192,-0.94634,0.363702,1.273551,1.758219,-0.061601,3.168
0.822485,-0.94634,0.680717,-0.378427,0.597155,0.013756,3.446
0.153251,-0.159801,1.758569,-0.378427,0.597155,-1.096362,3.496
0.374124,-0.057107,0.5742,-0.378427,-0.563909,0.709411,4.68
0.622773,-1.154061,0.812595,-0.378427,-0.563909,-0.364424,3.252
0.501094,-0.94634,0.860782,-0.378427,-0.563909,-0.364424,2.98
-0.517306,-0.521562,0.523477,2.925529,-0.563909,-1.418722,3.936
0.501094,-0.332513,0.310443,-0.378427,-0.563909,0.345187,5.47
-0.301722,-0.309173,1.910736,-0.378427,-0.563909,-2.111587,1.842
-0.256754,-0.159801,1.702774,-0.378427,-0.563909,-2.111587,0.15
0.501094,-0.332513,0.125306,-0.378427,-0.563909,0.345187,3.736
0.883324,-1.154061,0.764409,-0.378427,-0.563909,-0.118119,3.719
-0.40224,-0.88099,-0.016717,-0.378427,-0.563909,-1.154973,1.749
0.776194,-0.94634,0.812595,-0.378427,-0.563909,-0.118119,3.507
0.552675,-0.94634,0.703542,1.273551,-0.563909,-0.219292,3.979
0.923002,-0.057107,0.561519,-0.378427,-0.563909,1.788829,5.363
1.113456,-1.154061,0.728903,-0.378427,-0.563909,0.751276,4.396
1.019552,-0.94634,0.774554,-0.378427,-0.563909,0.751276,3.984
0.397931,-0.159801,1.875231,-0.378427,-0.563909,-1.561761,1.02
-0.433982,0.932486,2.138987,-0.378427,-0.563909,-0.448851,2.973
0.982519,-0.521562,0.602097,-0.378427,0.597155,0.823144,3.182
1.463944,-0.94634,0.637603,-0.378427,0.597155,1.28645,5.055
1.319781,-1.154061,0.703542,-0.378427,-0.563909,0.972463,4.822
0.400576,0.150614,1.801683,-0.378427,-0.563909,-2.125541,0.33
1.430879,-0.94634,0.721295,-0.378427,-0.563909,1.18388,4.819
1.608107,-0.94634,0.703542,-0.378427,-0.563909,1.387623,5.219
1.770786,-0.94634,0.688325,-0.378427,-0.563909,1.58369,5.268
2.290567,-0.521562,0.41696,2.925529,0.597155,2.420989,3.139
-0.584758,-0.694274,-0.087728,-0.378427,0.597155,-1.125668,2.858
-0.47895,0.316324,-0.326124,-0.378427,0.597155,0.355653,4.191
0.744451,-0.94634,-0.031933,-0.378427,-0.563909,0.491016,4.416
-0.340078,-0.309173,-0.549302,-0.378427,0.597155,-0.287671,3.537
0.637321,0.022247,0.538694,-0.378427,0.597155,-0.376286,4.38
-0.46837,-0.94634,-0.123234,-0.378427,-0.563909,-0.729346,1.408
-2.141454,1.240566,1.066208,-0.378427,-0.563909,-0.628173,2.936
-0.431337,2.813645,0.143059,-0.378427,1.758219,0.701736,8.471
0.428351,2.036442,-1.069207,-0.378427,-0.563909,2.120957,5.861
1.097585,0.764442,-0.313443,-0.378427,-0.563909,1.869767,5.574
0.608224,1.679348,0.087264,-0.378427,-0.563909,-0.153006,3.852
0.081831,0.587062,0.599561,1.273551,0.597155,-0.922623,5.244
2.528634,0.150614,0.320588,-0.378427,1.758219,2.314233,2.548
0.546062,-0.159801,-0.929721,-0.378427,0.597155,0.943157,5.276
0.165154,-0.159801,-0.318515,-0.378427,0.597155,0.128884,3.924
-0.414143,2.234827,-0.955082,-0.378427,-0.563909,2.161426,6.379
-1.287057,1.60933,-1.771713,-0.378427,-0.563909,1.154575,4.705
-0.587403,1.042181,-0.868854,-0.378427,-0.563909,0.174238,4.96
-0.515983,-0.113122,-0.894215,-0.378427,-0.563909,-0.28488,3.766
-0.894246,0.192625,-1.127538,-0.378427,-0.563909,-0.894015,3.641
0.649224,-0.94634,-1.127538,-0.378427,0.597155,1.031074,4.108
-1.146862,0.612735,-1.196014,-0.378427,-0.563909,0.590794,4.42
-1.234153,1.819385,-1.482595,-0.378427,-0.563909,0.437289,5.29
0.598966,-0.309173,0.437249,-0.378427,-0.563909,-0.706321,2.392
0.732548,-0.694274,0.462611,1.273551,-0.563909,0.204241,3.87
1.838239,0.552053,0.084728,-0.378427,-0.563909,1.52508,5.642
-0.71305,-0.521562,-1.216303,-0.378427,-0.563909,-0.848661,4.287
-1.075441,1.051517,-1.010877,-0.378427,-0.563909,1.363202,4.79
-1.238121,0.713095,-1.203622,-0.378427,-0.563909,0.432405,4.296
0.188961,0.743436,0.011181,-0.378427,0.597155,-0.093,6.607
-0.689243,0.463363,-0.901823,-0.378427,-0.563909,0.090508,3.759
0.165154,-0.159801,-0.318515,1.273551,-0.563909,-0.60724,3.278
-0.160205,-0.159801,-0.422496,1.273551,-0.563909,-0.828427,3.118
-0.899536,0.687421,-0.556911,-0.378427,-0.563909,-1.268706,3.237
0.270962,-1.154061,0.576736,-0.378427,-0.563909,0.058412,3.267
-1.423284,0.468031,-1.16558,-0.378427,-0.563909,0.2789,3.933
0.741806,1.964089,0.480363,-0.378427,1.758219,-1.129156,4.486
-0.603274,1.359598,2.435714,-0.378427,-0.563909,-0.494205,4.305
-1.260605,0.608067,-1.163044,-0.378427,-0.563909,-0.097884,3.927
0.551352,-0.94634,-0.490972,1.273551,-0.563909,0.428219,4.35
-0.039848,1.534643,0.001036,-0.378427,-0.563909,-0.132771,4.809
0.096379,0.538049,2.20239,-0.378427,-0.563909,0.114232,4.499
0.634676,-1.154061,-0.775017,-0.378427,-0.563909,0.897106,4.65
0.083153,-0.521562,-0.265257,-0.378427,-0.563909,-0.556305,2.604
0.822485,-0.94634,0.680717,1.273551,-0.563909,0.013756,3.629
0.150606,-0.94634,-0.686253,-0.378427,-0.563909,0.058412,4.07
-0.158882,-0.521562,-0.313443,1.273551,-0.563909,-0.432105,2.93
0.240542,-0.94634,0.733976,1.273551,-0.563909,-0.465597,3.727
0.506384,0.150614,1.304603,-0.378427,1.758219,-0.689575,3.095
-0.71305,-0.521562,-1.216303,-0.378427,-0.563909,-0.848661,6.4
-1.153475,-0.94634,0.94701,1.273551,-0.563909,-1.330806,2.65
-0.517306,-0.521562,0.523477,-0.378427,1.758219,-1.418722,2.851
0.745774,-0.521562,1.073816,-0.378427,0.597155,-0.034389,4.208
-0.576823,-0.94634,0.840493,1.273551,-0.563909,-1.014726,3.654
0.169122,-0.521562,1.251345,-0.378427,0.597155,-0.513742,3.81
-0.620468,-0.521562,1.674877,-0.378427,-0.563909,-1.801786,0.931
-0.082171,0.150614,0.345949,-0.378427,1.758219,-1.168928,3.178
1.834271,-1.154061,0.65282,-0.378427,-0.563909,1.58369,6.255
-0.481596,0.56839,0.825276,-0.378427,-0.563909,-2.299281,2.732
1.559171,0.764442,1.560752,-0.378427,-0.563909,0.784768,4.448
0.31593,-0.521562,0.046686,-0.378427,1.758219,-0.949137,1.086
-1.142894,0.026915,1.099177,-0.378427,-0.563909,-0.913552,2.586
-1.142894,-0.694274,0.675645,-0.378427,0.597155,-1.37895,2.117
-1.628287,1.515972,0.523477,-0.378427,1.758219,0.244013,3.955
-0.813567,1.030511,-0.179028,-0.378427,-0.563909,-0.695854,4.278
0.35164,-0.94634,-0.975371,-0.378427,-0.563909,0.241222,3.112
0.174412,2.783304,-0.676108,-0.378427,1.758219,2.344237,6.897
-1.146862,0.56839,0.460074,-0.378427,0.597155,-1.330806,6.424
1.743012,-0.94634,-0.115625,-0.378427,-0.563909,1.442745,5.78
-1.030473,0.687421,-0.290618,-0.378427,0.597155,-0.786562,1.05
1.343588,-0.159801,0.870926,-0.378427,0.597155,0.654987,3.926
0.851582,1.754034,-0.075047,-0.378427,-0.563909,-0.096488,6.284
0.269639,0.150614,0.056831,-0.378427,1.758219,-0.072765,3.451
0.654515,1.548647,2.100946,-0.378427,2.919283,-0.358842,3.477
0.38735,-0.94634,-1.13261,-0.378427,-0.563909,0.523112,4.967
-0.342723,1.945418,-1.175725,-0.378427,-0.563909,2.160729,5.985
-0.566242,1.887069,0.132915,2.925529,1.758219,-0.201151,6.351
-0.970956,1.887069,-0.168884,-0.378427,1.758219,0.323556,6.207
0.461416,0.022247,-1.026093,-0.378427,0.597155,0.567071,4.68
1.794593,2.489227,-0.523941,-0.378427,-0.563909,0.128884,4.475
0.966648,-0.694274,0.467683,-0.378427,0.597155,0.496598,3.24
0.240542,0.463363,-0.54423,2.925529,-0.563909,-0.665851,5.478
0.150606,-0.94634,-1.353253,-0.378427,-0.563909,0.368212,4.62
-0.693211,1.240566,-0.797842,-0.378427,0.597155,1.192253,5.048
-0.057042,1.639671,0.079656,-0.378427,1.758219,-1.154973,7.045
-1.15612,-0.521562,0.78977,-0.378427,0.597155,-1.37895,1.307
1.112133,-1.46681,-0.110553,1.273551,1.758219,0.807794,2.149
0.698161,0.150614,0.493044,-0.378427,0.597155,-0.568864,3.025
-0.026622,-1.154061,0.990124,-0.378427,-0.563909,-0.913552,2.425
2.495569,1.480963,0.44993,1.273551,4.080347,0.44636,9.612
0.512997,-0.633592,2.055295,-0.378427,-0.563909,-1.835278,1.771
-0.517306,-0.521562,0.908968,1.273551,0.597155,-0.85215,4.603
-0.054397,0.804119,1.380687,-0.378427,1.758219,-0.689575,5.311
1.356814,0.150614,1.048455,-0.378427,1.758219,0.142839,4.713
0.929615,-0.94634,0.143059,4.577507,1.758219,0.304019,4.32
0.973261,0.150614,1.1499,-0.378427,1.758219,-0.256273,4.051
-1.230185,-0.694274,1.515101,-0.378427,-0.563909,-2.20648,1.47
-0.620468,-0.521562,1.606402,-0.378427,0.597155,-1.06287,2.583
0.17309,-0.694274,1.403512,-0.378427,-0.563909,-1.252658,2.474
0.934905,-1.46681,-0.364165,-0.378427,-0.563909,1.01363,4.51
-1.15612,0.470364,1.185405,-0.378427,-0.563909,0.081438,3.007
0.169122,-0.521562,0.645211,-0.378427,0.597155,-0.513742,2.84
0.745774,-0.521562,1.073816,-0.378427,0.597155,-0.034389,4.557
1.019552,-0.94634,1.228519,-0.378427,-0.563909,0.11493,3.604
0.002475,1.50897,-0.965226,-0.378427,0.597155,1.022003,6.564
1.235135,-0.94634,0.74412,-0.378427,-0.563909,0.972463,4.41
1.834271,-1.154061,1.056063,-0.378427,-0.563909,0.947344,5.38
0.35164,3.303774,-1.175725,-0.378427,0.597155,1.955591,6.113
0.573836,-1.154061,0.001036,-0.378427,-0.563909,0.092602,3.374
-0.732889,-0.108454,0.751728,-0.378427,-0.563909,-0.448154,3.109
0.601611,0.526379,1.649516,-0.378427,-0.563909,-0.566771,2.451
0.125476,0.42602,-0.156203,-0.378427,1.758219,-1.512918,5.395
0.020991,0.395678,-0.807987,-0.378427,0.597155,0.422637,4.109
0.281543,-0.694274,-0.716686,-0.378427,0.597155,-0.046948,3.25
-0.160205,-0.159801,-0.422496,1.273551,-0.563909,-0.471877,4.767
0.383383,1.291913,-0.12577,-0.378427,0.597155,-0.184405,5.012
0.311962,-0.94634,0.064439,-0.378427,-0.563909,-0.219292,2.739
0.814549,-1.154061,-0.567055,1.273551,-0.563909,0.841286,7.809
0.711387,-0.694274,-0.868854,-0.378427,-0.563909,0.472177,4.338
-0.900859,0.56839,-1.061599,-0.378427,-0.563909,-0.237434,4.182
0.424383,-0.521562,0.78977,-0.378427,-0.563909,-0.97914,1.134
0.987809,-0.94634,-0.351485,-0.378427,-0.563909,0.694759,5.178
-0.281883,-0.521562,-0.376846,-0.378427,-0.563909,-0.602356,3.219
-0.281883,-0.521562,-0.376846,-0.378427,-0.563909,-0.602356,3.11
0.083153,-0.521562,0.239432,-0.378427,-0.563909,-0.369308,3.07
0.822485,-0.94634,0.751728,-0.378427,-0.563909,-0.158588,2.883
1.495686,0.785447,1.104249,-0.378427,-0.563909,1.345758,4.451
-1.342606,0.192625,-0.333732,-0.378427,-0.563909,-1.051706,2.924
0.706096,0.022247,0.231823,-0.378427,0.597155,-0.453736,5.339
0.622773,-1.154061,0.812595,-0.378427,-0.563909,-0.364424,2.226
0.561933,1.40861,-0.404743,-0.378427,-0.563909,1.463678,6.5
1.10023,0.468031,0.680717,-0.378427,0.597155,0.748485,4.732
-1.411381,1.291913,1.540463,-0.378427,1.758219,-1.361507,1.234
1.643817,-1.154061,-0.186637,-0.378427,-0.563909,1.900468,6.233
0.181025,-0.94634,1.641907,-0.378427,-0.563909,-0.628173,2.107
0.744451,-0.94634,-0.440249,-0.378427,-0.563909,0.491016,4.47
1.281426,-1.46681,0.269865,2.925529,-0.563909,1.081311,5.678
-1.567447,1.095862,1.16258,-0.378427,-0.563909,-1.678982,3.046
-0.604597,0.587062,0.624922,-0.378427,1.758219,-1.431979,4.92
-1.671932,0.197293,-0.26272,-0.378427,-0.563909,-0.555607,2.782
0.306672,-0.465548,-1.048918,-0.378427,-0.563909,0.397518,5.229
-1.338638,1.224229,-1.954314,-0.378427,-0.563909,0.578235,4.737
-1.338638,1.135539,-1.624618,-0.378427,-0.563909,0.374492,4.342
1.03939,1.50897,-0.561983,-0.378427,0.597155,1.852324,7.691
2.067048,-0.521562,-0.392063,-0.378427,0.597155,1.70161,4.727
0.2498,-0.94634,-0.846029,1.273551,-0.563909,0.216801,3.979
1.221909,-1.46681,-0.427568,1.273551,-0.563909,1.349945,5.51
0.284188,2.251165,0.064439,1.273551,0.597155,1.345758,6.143
-0.440595,-0.411867,0.597025,-0.378427,-0.563909,-1.302896,2.115
-0.900859,0.505374,-1.269561,1.273551,-0.563909,0.223081,5.189
0.068605,2.668941,0.145595,-0.378427,4.080347,0.698247,5.383
0.666418,-0.309173,0.396671,1.273551,-0.563909,0.16447,4.557
0.952099,0.498372,0.995196,-0.378427,1.758219,-0.31279,5.184
0.945486,1.651341,-1.152899,-0.378427,-0.563909,0.244013,4.886
1.112133,-1.46681,-0.227215,-0.378427,0.597155,0.882453,5.434
-0.85589,2.036442,-0.244968,-0.378427,-0.563909,1.451816,5.632
-0.587403,1.042181,-0.868854,-0.378427,-0.563909,0.174238,6.317
-0.902181,-0.108454,-0.016717,-0.378427,-0.563909,-0.448154,2.74
0.561933,1.40861,-0.404743,-0.378427,-0.563909,1.463678,6.525
-1.021215,0.470364,0.409352,-0.378427,0.597155,0.244013,5.82
-1.338638,0.839128,-1.343109,-0.378427,-0.563909,0.163074,3.889
0.366189,0.538049,2.03247,-0.378427,-0.563909,0.335418,4.095
0.982519,1.315253,0.475291,-0.378427,0.597155,0.733135,5.052
-1.162733,1.606996,-0.01418,-0.378427,-0.563909,0.404495,4.368
1.072455,1.733029,0.467683,-0.378427,0.597155,1.255749,5.568
-0.554338,0.603399,-0.861245,-0.378427,-0.563909,-0.252086,4.458
0.874066,-0.94634,0.16842,-0.378427,-0.563909,0.234942,3.458
1.523461,0.150614,0.221679,-0.378427,1.758219,1.052704,5.667
0.452158,-0.159801,-1.026093,-0.378427,-0.563909,0.073065,4.544
2.553763,-0.694274,0.576736,6.229485,4.080347,1.71696,6.347
-1.083377,0.839128,-1.160508,-0.378427,0.597155,0.259363,2.608
1.506267,-1.154061,0.683253,-0.378427,-0.563909,1.18388,5.18
-1.006666,-0.94634,-0.290618,-0.378427,-0.563909,-1.014726,3.779
0.691548,-0.113122,1.030702,-0.378427,0.597155,-0.376286,5.029
-2.141454,1.630335,-0.024325,-0.378427,-0.563909,0.063296,4.697
0.468029,-0.302171,-1.170652,-0.378427,-0.563909,1.609507,4.674
0.468029,-0.302171,-1.170652,-0.378427,-0.563909,1.609507,4.384
1.112133,-1.46681,-1.50542,-0.378427,-0.563909,1.849533,7.346
-0.406208,-0.694274,0.850637,-0.378427,-0.563909,-0.861919,2.395
-1.031796,0.764442,0.886143,-0.378427,-0.563909,-2.888181,3.638
0.497126,1.366599,-0.716686,-0.378427,-0.563909,0.838495,6.54
-0.46837,-0.94634,-0.123234,-0.378427,-0.563909,-0.729346,3.38
-1.082054,0.316324,-1.282242,-0.378427,-0.563909,-0.415359,4.961
-0.129785,0.150614,-0.513797,-0.378427,0.597155,-0.469086,3.603
1.325071,-0.465548,0.706078,-0.378427,0.597155,0.130978,3.842
0.368834,0.675752,1.586113,-0.378427,-0.563909,-0.054623,4.116
-1.041054,1.980427,0.011181,-0.378427,-0.563909,0.778488,5.73
0.940196,0.42602,-0.21707,-0.378427,-0.563909,0.82454,4.38
0.479932,-0.694274,1.910736,-0.378427,0.597155,-0.833311,4.182
0.637321,0.17162,0.591953,-0.378427,0.597155,-0.370006,3.841
-0.105978,0.587062,0.493044,-0.378427,-0.563909,-0.647012,3.726
-0.603274,0.713095,-0.785162,-0.378427,0.597155,0.802212,4.208
0.96797,-1.154061,0.462611,-0.378427,-0.563909,0.871289,4.305
2.16492,-0.159801,-0.397135,1.273551,1.758219,1.550896,8.571
1.134617,-1.46681,-0.835884,-0.378427,-0.563909,1.479726,4.425
-0.925988,0.395678,-1.277169,-0.378427,0.597155,-0.03718,3.328
0.345027,0.785447,0.736512,-0.378427,1.758219,-0.689575,3.77
-0.047784,0.939487,1.355326,-0.378427,2.919283,-1.794809,4.512
1.617365,0.468031,0.65282,-0.378427,0.597155,1.25854,5.653
-0.77918,0.650078,-1.071744,-0.378427,-0.563909,0.653591,3.775
1.047326,-0.94634,-0.587344,-0.378427,-0.563909,0.430312,3.599
0.507707,-0.159801,1.154972,-0.378427,1.758219,-0.692366,3.757
0.749742,3.600185,-1.028629,-0.378427,-0.563909,3.074082,3.623
0.468029,-0.94634,-0.549302,-0.378427,-0.563909,0.279598,4.22
1.569752,-1.154061,0.477827,-0.378427,-0.563909,1.482517,5.63
-0.227657,-0.309173,-0.470683,-0.378427,0.597155,-0.732137,3.1
-1.083377,0.839128,-1.160508,-0.378427,0.597155,0.259363,3.298
1.281426,-1.154061,-0.303298,-0.378427,-0.563909,0.890826,4.064
0.571191,-0.159801,0.662964,-0.378427,1.758219,-0.744697,3.691
-0.785793,0.932486,-0.430105,-0.378427,-0.563909,0.225872,4.635
1.048649,0.192625,-0.559447,-0.378427,1.758219,-0.253482,5.472
0.561933,-0.521562,-0.313443,-0.378427,1.758219,0.336814,4.577
0.797355,-0.521562,0.739048,1.273551,0.597155,0.112139,5.147
-0.40224,-0.88099,-1.097105,-0.378427,-0.563909,-0.299533,3.112
0.637321,0.573058,-0.990588,-0.378427,0.597155,0.749881,5.278
0.573836,-1.154061,-0.975371,-0.378427,-0.563909,0.65708,4.891
0.899195,-0.309173,0.285082,-0.378427,0.597155,0.196566,4.32
-0.054397,1.849726,2.506725,-0.378427,-0.563909,0.172843,4.295
-0.349336,-0.94634,-0.899287,-0.378427,-0.563909,-0.19208,3.926
-0.082171,2.874328,-0.627922,-0.378427,1.758219,1.634626,8.207
0.371479,-1.46681,-1.239128,-0.378427,-0.563909,0.617309,4.154
0.912421,-0.88099,0.538694,-0.378427,-0.563909,-0.380472,3.57
0.169122,-0.88099,2.207463,-0.378427,-0.563909,-1.252658,1.812
1.112133,-1.46681,-0.336268,-0.378427,-0.563909,1.619973,5.68
0.075218,-0.694274,0.049223,-0.378427,-0.563909,-1.016819,2.961
-1.394187,1.50897,-1.241664,-0.378427,-0.563909,0.69755,6.72
1.979757,-1.154061,0.640139,-0.378427,-0.563909,1.773478,6.484
0.304027,0.197293,-1.259417,-0.378427,0.597155,1.331105,5.039
-0.636339,0.932486,-0.333732,-0.378427,0.597155,0.754067,4.169
0.207477,1.504302,-0.409816,-0.378427,-0.563909,0.57335,5.393
-0.362562,2.316515,0.52855,-0.378427,-0.563909,0.770116,6.314
0.711387,1.392273,1.383223,-0.378427,-0.563909,-0.038575,5.087
-0.628404,0.748104,-0.364165,-0.378427,-0.563909,-0.118119,2.44
-0.463079,0.743436,-0.615242,1.273551,-0.563909,-0.313488,3.588
-0.332142,1.534643,-0.039542,-0.378427,-0.563909,-0.353958,4.508
0.393963,1.754034,-0.151131,-0.378427,-0.563909,-0.550025,6.018
0.634676,1.754034,-0.110553,-0.378427,-0.563909,-0.317675,4.854
-0.664114,2.251165,0.145595,-0.378427,-0.563909,0.844775,6.023
-1.210346,2.533572,2.057831,-0.378427,-0.563909,0.17354,5.062
1.571074,-0.411867,1.393367,-0.378427,-0.563909,-1.213584,3.463
0.601611,-0.521562,0.315515,1.273551,0.597155,-0.161379,5.018
0.364866,2.234827,-0.972835,2.925529,1.758219,2.26888,7.382
0.884647,0.192625,0.526014,1.273551,2.919283,-0.244411,4.043
0.916389,-0.113122,0.99266,-0.378427,0.597155,-0.180218,4.117
1.206038,0.925484,-0.605097,-0.378427,1.758219,-1.321735,3.838
0.546062,0.801785,2.319052,-0.378427,2.919283,-1.58688,4.244
-2.950883,0.937154,-0.982979,-0.378427,-0.563909,-0.729346,5.558
1.429556,1.581322,0.28001,-0.378427,0.597155,2.139796,4.239
-0.047784,2.127466,-0.17142,-0.378427,-0.563909,1.246678,6.171
-0.945827,0.703759,-1.135147,-0.378427,-0.563909,-0.498392,4.739
-0.209141,0.960493,0.784698,-0.378427,0.597155,0.374492,4.215
0.136057,0.052588,-1.299995,-0.378427,-0.563909,1.460887,5.262
0.634676,1.754034,-0.110553,-0.378427,-0.563909,-0.317675,5.933
0.862163,1.291913,0.837957,-0.378427,-0.563909,0.225872,4.811
1.868658,2.024772,-0.835884,-0.378427,-0.563909,0.98572,5.19
0.911099,0.108603,2.06544,-0.378427,-0.563909,0.29146,3.656
-0.006783,1.417946,-0.980443,-0.378427,-0.563909,1.208999,6.047
1.322426,0.603399,0.396671,-0.378427,-0.563909,1.365295,5.999
1.027487,2.542908,-0.115625,-0.378427,-0.563909,0.738019,4.136
-0.107301,0.895142,0.576736,-0.378427,2.919283,-2.287419,2.069
1.374007,0.311656,1.050991,-0.378427,-0.563909,-0.672829,3.297
-1.234153,0.932486,-1.348181,-0.378427,-0.563909,0.004685,5.303
-0.104656,0.241638,0.480363,-0.378427,-0.563909,-0.273717,2.941
-1.162733,1.606996,-1.327892,-0.378427,-0.563909,1.052006,5.93
-1.423284,0.122607,-1.267025,-0.378427,-0.563909,0.157492,3.696
0.039507,1.172882,-0.977907,-0.378427,1.758219,0.975951,5.86
-0.554338,0.603399,-0.861245,-0.378427,-0.563909,-0.252086,4.119
1.183553,-1.154061,-0.922112,-0.378427,-0.563909,1.356922,6.038
0.637321,2.61526,-0.402207,-0.378427,0.597155,0.834308,4.951
1.696721,-0.136461,0.226751,-0.378427,-0.563909,1.58369,6.213
-0.795051,0.311656,-1.25688,-0.378427,-0.563909,0.510553,3.555
-0.915407,1.567319,0.16842,-0.378427,-0.563909,0.182611,4.739
0.673031,2.146137,0.911504,-0.378427,-0.563909,-0.672829,6.258
-1.394187,1.50897,-1.241664,-0.378427,-0.563909,0.69755,6.784
-0.902181,-0.558905,-1.261953,-0.378427,-0.563909,-0.109048,3.751
1.949337,-1.154061,-0.100409,-0.378427,-0.563909,2.253529,6.569
0.220703,1.051517,-1.188405,-0.378427,-0.563909,2.34633,6.882
-1.470898,0.17162,-0.539158,-0.378427,-0.563909,-2.354403,8.132
-1.342606,0.671084,-0.219606,-0.378427,0.597155,-0.642826,1.153
-1.042376,0.33733,-1.320284,-0.378427,0.597155,0.321463,3.36
-1.220927,0.405014,-1.315211,1.273551,-0.563909,0.481248,4.227
0.966648,-0.94634,-1.246736,-0.378427,-0.563909,1.01991,4.269
-0.77918,0.650078,-1.071744,-0.378427,-0.563909,0.653591,3.782
0.552675,-0.94634,0.703542,1.273551,-0.563909,-0.219292,3.854
1.75227,0.022247,-0.447857,-0.378427,0.597155,1.010141,8.169
0.575159,-0.521562,-0.83842,1.273551,-0.563909,0.603354,5.63
1.125359,-0.694274,-0.039542,-0.378427,-0.563909,0.463106,4.777
0.598966,0.393344,2.94801,2.925529,-0.563909,-1.609207,3.903
0.264349,0.703759,-0.554375,-0.378427,-0.563909,0.413566,5.65
1.10552,-0.94634,0.203926,-0.378427,-0.563909,1.082707,5.159
0.231284,2.01777,-0.037006,-0.378427,-0.563909,1.135736,6.645
0.464061,3.36679,0.084728,-0.378427,-0.563909,1.282961,6.446
-1.006666,-0.94634,0.206462,4.577507,-0.563909,-1.089385,4.865
1.784012,-0.113122,0.16842,2.925529,0.597155,0.664755,5.066
-0.691888,0.927818,-0.516333,-0.378427,0.597155,0.309601,3.895
-1.671932,0.197293,-0.26272,-0.378427,-0.563909,-0.555607,2.056
-0.77918,0.311656,-1.137683,1.273551,-0.563909,-0.710507,3.601
0.424383,0.42602,-0.422496,-0.378427,-0.563909,0.345187,4.257
1.728463,2.062115,-0.627922,-0.378427,1.758219,0.000499,5.002
-0.870439,-0.521562,-0.229751,-0.378427,-0.563909,-1.69224,2.286
-0.879697,-0.393195,-1.279706,1.273551,-0.563909,0.067483,4.96
0.452158,0.150614,0.490508,1.273551,-0.563909,-0.772607,3.598
-0.795051,0.311656,-1.25688,-0.378427,-0.563909,0.510553,3.608
-0.693211,0.42602,-1.208694,1.273551,-0.563909,0.510553,5.277
-0.436627,-0.558905,-0.71415,-0.378427,-0.563909,0.13028,3.513
1.10552,-0.94634,-0.029397,-0.378427,-0.563909,0.274016,3.387
0.929615,-0.94634,-0.100409,-0.378427,0.597155,0.172843,3.141
0.240542,-0.521562,0.799915,-0.378427,1.758219,-0.342096,3.528
1.10552,-0.94634,0.335804,-0.378427,-0.563909,0.274016,3.18
2.160952,-0.521562,-0.265257,1.273551,4.080347,1.765105,5.307
1.885852,-1.46681,-0.224679,-0.378427,0.597155,1.834182,4.302
0.240542,-0.94634,0.427105,1.273551,-0.563909,-0.465597,3.518
0.231284,0.150614,0.366238,-0.378427,1.758219,-0.922623,1.055
-1.238121,1.672346,-1.294922,-0.378427,-0.563909,1.052006,5.752
0.645257,-0.88099,-0.173956,-0.378427,-0.563909,-0.365122,3.086
-0.595339,0.022247,-0.944937,-0.378427,-0.563909,-0.28488,3.521
0.465384,-1.46681,-0.87139,-0.378427,-0.563909,0.802212,3.926
-0.098043,-0.94634,-0.615242,-0.378427,-0.563909,-0.215106,3.168
0.311962,-0.94634,-0.255112,-0.378427,-0.563909,-0.391636,2.692
0.28022,-1.46681,-0.54423,2.925529,-0.563909,0.216801,3.974
-0.77918,0.311656,-0.445321,-0.378427,1.758219,-1.561761,2.715
0.399254,0.192625,-0.148595,-0.378427,2.919283,-0.928205,2.681
0.580449,1.901073,-0.965226,-0.378427,-0.563909,2.830567,7.429
-1.086022,1.417946,-1.178261,-0.378427,0.597155,0.941064,4.424
-1.074119,-0.694274,-0.184101,1.273551,-0.563909,-1.371973,3.815
1.060552,-0.94634,0.6655,-0.378427,0.597155,0.234942,3.662
-2.55675,0.241638,0.165884,-0.378427,0.597155,-1.16823,3.481
-0.945827,0.703759,-1.135147,-0.378427,-0.563909,-0.498392,4.224
-1.146862,-0.309173,1.669805,-0.378427,0.597155,-1.962268,1.231
-0.621791,0.764442,3.336037,-0.378427,-0.563909,-1.392905,1.301
1.286716,0.468031,0.670573,-0.378427,0.597155,0.639637,4.539
0.195574,-1.46681,0.099945,-0.378427,1.758219,0.169354,4.075
2.160952,-0.521562,-0.265257,2.925529,2.919283,1.765105,5.104
-0.873084,2.064449,1.989356,-0.378427,-0.563909,-1.130552,4.513
-0.075558,0.587062,1.043383,-0.378427,2.919283,-1.31406,1.647
1.498331,1.130871,-0.475755,1.273551,1.758219,1.72324,7.64
-0.554338,0.603399,-0.861245,-0.378427,-0.563909,-0.252086,4.912
0.468029,-0.94634,-0.549302,-0.378427,-0.563909,0.279598,4.02
-1.063538,0.463363,-1.099641,-0.378427,-0.563909,-0.155797,5.449
-0.225012,-1.154061,-0.939865,-0.378427,-0.563909,-0.005083,3.42
-0.098043,-0.94634,-0.744584,1.273551,-0.563909,-0.005083,3.36
0.096379,0.801785,-0.097873,-0.378427,1.758219,-0.039971,4.565
-0.556984,-0.521562,-1.059063,-0.378427,0.597155,-0.285578,2.474
-1.218282,1.128537,-1.046382,-0.378427,-0.563909,0.181913,4.798
-0.607242,0.703759,-0.937329,-0.378427,-0.563909,-0.252086,5.007
0.199542,0.311656,-0.090264,-0.378427,1.758219,-0.079045,4.369
1.16636,-1.46681,-0.283009,-0.378427,-0.563909,1.217372,4.938
0.424383,0.42602,-0.361629,-0.378427,-0.563909,0.345187,3.397
-0.533177,-0.159801,-1.163044,-0.378427,0.597155,-0.32535,1.969
0.169122,-0.521562,1.251345,-0.378427,0.597155,-0.513742,2.551
-0.03059,-0.108454,2.580273,-0.378427,-0.563909,-0.364424,3.075
-1.021215,0.470364,-1.000732,-0.378427,-0.563909,0.955019,4.263
-1.665319,0.470364,0.383991,2.925529,-0.563909,-0.019736,5.05
1.019552,-0.332513,0.203926,-0.378427,-0.563909,0.82454,4.61
0.940196,0.42602,-0.21707,-0.378427,-0.563909,0.82454,4.469
-0.751405,0.708427,-0.919576,-0.378427,0.597155,0.292855,4.559
-0.471015,-0.465548,1.515101,-0.378427,-0.563909,-1.079616,2.12
-0.584758,-0.694274,-1.061599,-0.378427,0.597155,-0.568864,2.263
0.372802,1.522974,-0.120698,-0.378427,-0.563909,0.267039,4.963
-0.550371,1.574321,0.307907,-0.378427,-0.563909,-1.070545,4.919
-0.236915,0.612735,2.532086,-0.378427,-0.563909,-0.118119,3.289
0.165154,-0.159801,-0.318515,-0.378427,0.597155,-0.250691,3.379
-0.85589,0.022247,-1.071744,1.273551,-0.563909,-0.348376,4.021
2.621216,-1.154061,1.418729,-0.378427,-0.563909,0.075158,4.77
-1.082054,0.612735,-1.21123,-0.378427,-0.563909,0.432405,4.41
-0.029268,0.699091,0.198854,-0.378427,0.597155,-0.259762,6.148
-0.85589,0.022247,-1.071744,1.273551,-0.563909,-0.348376,4.175
1.641172,-0.309173,0.345949,-0.378427,0.597155,1.46298,5.767
-1.026505,2.316515,0.551375,-0.378427,-0.563909,0.370306,5.677
1.538009,-1.154061,0.924185,-0.378427,-0.563909,-1.676889,3.151
0.223348,1.534643,0.039078,-0.378427,-0.563909,0.079344,5.318
-1.022538,0.23697,0.617314,-0.378427,-0.563909,-0.855639,3.007
0.732548,-0.694274,-0.496044,-0.378427,0.597155,0.300531,3.742
-0.554338,0.603399,-0.861245,-0.378427,-0.563909,-0.252086,5.341
0.833065,2.594255,-0.01418,-0.378427,-0.563909,-1.03496,5.466
-0.12714,-0.94634,0.77709,-0.378427,0.597155,-0.729346,1.999
0.940196,0.42602,-0.21707,-0.378427,-0.563909,0.82454,4.247
0.396609,-0.521562,0.267329,-0.378427,-0.563909,-0.148122,3.874
-0.013396,-0.88099,1.210767,-0.378427,-0.563909,-0.496298,2.983
2.043241,-0.88099,-0.016717,6.229485,2.919283,1.635324,6.483
-1.474866,-0.136461,-0.270329,1.273551,-0.563909,-0.053228,6.064
-0.747437,-0.88099,2.620851,-0.378427,-0.563909,-1.639908,3.884
0.83042,0.192625,0.741584,-0.378427,2.919283,-0.376983,3.66
0.83042,0.192625,0.766945,-0.378427,2.919283,-0.943555,3.423
-0.703792,-0.521562,1.119466,-0.378427,-0.563909,-1.844349,0.242
-0.515983,-0.113122,-0.894215,-0.378427,-0.563909,-0.28488,3.799
2.033983,0.316324,-0.168884,-0.378427,0.597155,2.197012,5.412
1.928175,0.932486,-0.176492,-0.378427,0.597155,2.534024,5.758
-0.945827,0.703759,-1.135147,-0.378427,-0.563909,-0.498392,3.666
0.150606,-0.94634,-0.686253,-0.378427,-0.563909,0.058412,3.751
-0.515983,-0.113122,-0.894215,-0.378427,-0.563909,-0.28488,3.799
0.270962,-1.154061,-0.704006,-0.378427,-0.563909,0.058412,3.21
0.200864,-0.521562,-1.079352,1.273551,2.919283,0.086322,6.195
-0.414143,2.234827,0.148131,-0.378427,-0.563909,1.383437,6.551
-1.238121,1.672346,-1.294922,-0.378427,-0.563909,1.052006,5.352
0.323866,-1.154061,0.881071,-0.378427,-0.563909,-0.628173,2.264
-0.125817,2.036442,-0.430105,-0.378427,-0.563909,1.356224,5.385
-1.021215,0.813454,-1.325356,-0.378427,-0.563909,1.176205,4.762
2.160952,-0.521562,-0.265257,2.925529,1.758219,1.765105,5.541
-0.489531,-0.113122,0.008645,-0.378427,-0.563909,-0.397916,3.025
0.270962,-1.154061,-0.704006,-0.378427,-0.563909,0.058412,3.651
0.360898,-1.154061,-0.265257,1.273551,-0.563909,0.216801,3.569
0.270962,-1.154061,-0.704006,-0.378427,-0.563909,0.058412,3.22
-0.584758,0.026915,-0.904359,-0.378427,-0.563909,0.245409,4.286
0.47861,-0.88099,-0.016717,-0.378427,0.597155,-0.08044,2.745
-0.12714,-0.94634,0.77709,1.273551,-0.563909,-0.729346,4.423
0.240542,-0.94634,0.733976,-0.378427,0.597155,-0.465597,2.369
0.195574,-1.46681,0.099945,6.229485,-0.563909,0.169354,3.614
-0.900859,0.07126,-1.282242,-0.378427,-0.563909,-0.245109,3.727
1.798561,-0.94634,0.61985,-0.378427,0.597155,1.672305,5.741
2.405633,-0.94634,-0.01418,1.273551,0.597155,1.880234,6.384
0.323866,-1.154061,0.881071,-0.378427,-0.563909,-0.628173,2.487
0.694193,1.310585,1.773786,-0.378427,4.080347,-2.419294,3.689
0.573836,-1.154061,-0.572127,-0.378427,-0.563909,0.092602,3.806
-0.19856,-0.94634,1.913273,-0.378427,-0.563909,-0.913552,1.462
1.635881,-0.113122,-0.077584,1.273551,1.758219,0.554511,5.538
0.776194,-0.94634,0.812595,-0.378427,-0.563909,-0.118119,2.853
-0.689243,0.463363,-0.901823,-0.378427,-0.563909,0.090508,5.005
-0.515983,-0.113122,-0.894215,-0.378427,-0.563909,-0.28488,3.483
-0.689243,0.463363,-0.901823,-0.378427,-0.563909,0.090508,3.991
0.55003,-0.694274,-0.305835,1.273551,-0.563909,0.699643,3.812
1.17694,0.150614,0.181101,-0.378427,1.758219,0.32565,4.664
-1.074119,2.465888,-2.276402,-0.378427,-0.563909,1.733706,6.72
-0.843987,1.901073,-0.993124,-0.378427,-0.563909,1.965359,6.006
-1.287057,1.716691,-2.212999,-0.378427,-0.563909,1.451816,5.591
-0.689243,0.463363,-0.901823,-0.378427,-0.563909,0.090508,5.083
-0.903504,0.603399,-1.028629,-0.378427,-0.563909,-0.498392,4.33
1.331684,-0.159801,0.267329,1.273551,-0.563909,0.377283,4.947
0.165154,-0.159801,0.140523,1.273551,-0.563909,-0.60724,3.917
-0.227657,-0.309173,-0.290618,-0.378427,0.597155,-0.732137,3.661
-0.436627,-0.108454,-0.919576,-0.378427,-0.563909,0.245409,3.594
-0.346691,0.463363,-0.74712,-0.378427,-0.563909,0.323556,4.393
-0.607242,0.703759,-0.937329,-0.378427,-0.563909,-0.252086,4.856
-0.154914,0.192625,-0.371774,-0.378427,-0.563909,-0.414662,3.846
1.638527,-0.94634,0.629995,-0.378427,0.597155,1.482517,5.194
-1.540995,1.046849,-1.226447,-0.378427,-0.563909,0.698247,4.63
-0.689243,0.463363,-0.901823,-0.378427,-0.563909,0.090508,3.91
-0.903504,0.603399,-1.028629,-0.378427,-0.563909,-0.498392,3.932
-0.689243,0.463363,-0.901823,-0.378427,-0.563909,0.090508,5.146
-1.042376,-0.113122,-1.239128,-0.378427,-0.563909,-0.348376,3.391
-0.416788,0.311656,-0.480827,-0.378427,0.597155,-0.098582,3.882
-1.042376,-0.113122,-1.239128,-0.378427,-0.563909,-0.348376,3.787
-0.752728,0.192625,-1.079352,-0.378427,0.597155,-0.614218,3.097
-0.510693,-1.154061,-1.094569,-0.378427,-0.563909,-0.420941,3.078
-1.833289,-0.136461,-1.051455,-0.378427,0.597155,-1.692937,2.445
-1.066183,1.705021,2.4839,1.273551,0.597155,-0.602356,4.796
-1.486769,-0.465548,2.549839,-0.378427,-0.563909,-1.757828,1.897
0.203509,0.022247,-0.990588,-0.378427,-0.563909,0.786861,4.906
0.55003,-0.694274,0.262257,4.577507,-0.563909,-0.042762,4.473
0.867453,0.001242,-0.88407,-0.378427,-0.563909,0.841286,3.459
-0.227657,-0.309173,-0.290618,-0.378427,0.597155,-0.732137,2.126
0.11225,-0.309173,2.060368,-0.378427,-0.563909,-1.835278,1.68
-0.158882,0.470364,-0.627922,-0.378427,-0.563909,1.01363,6.652
-0.349336,-0.94634,0.011181,-0.378427,-0.563909,-0.813774,3.131
-1.082054,0.612735,-1.21123,-0.378427,-0.563909,0.432405,4.62
-0.47895,-0.309173,0.477827,-0.378427,0.597155,-1.32941,3.03
-1.142894,0.026915,1.099177,-0.378427,-0.563909,-0.913552,2.072
-0.189302,0.470364,0.919113,-0.378427,-0.563909,0.591492,3.746
-1.330703,1.896405,-1.312675,-0.378427,-0.563909,0.918736,6.087
0.666418,-0.057107,0.566592,-0.378427,-0.563909,0.93618,5.086
0.424383,0.42602,-0.422496,-0.378427,-0.563909,0.345187,4.759
0.31593,-0.88099,0.105017,-0.378427,-0.563909,-0.67562,2.412
0.392641,-0.309173,-0.407279,-0.378427,0.597155,0.078647,4.446
-2.510459,1.217227,-0.82574,-0.378427,0.597155,-0.776793,3.499
0.588385,1.025843,-0.939865,-0.378427,-0.563909,0.299135,3.327
-1.021215,1.515972,-1.00834,-0.378427,-0.563909,1.761616,5.361
-1.162733,1.161212,-1.269561,-0.378427,-0.563909,0.840588,4.737
-0.900859,0.316324,-1.102177,1.273551,-0.563909,0.111441,5.308
-1.162733,1.161212,-1.269561,-0.378427,-0.563909,0.840588,5.001
-1.154797,0.708427,-1.122466,1.273551,-0.563909,0.071669,4.672
-0.554338,0.603399,-0.861245,-0.378427,-0.563909,-0.252086,4.181
-1.259282,-0.94634,1.611474,-0.378427,-0.563909,-1.591764,0.534
0.995745,1.219561,-0.970299,-0.378427,1.758219,0.11772,4.54
0.468029,-0.94634,-0.549302,-0.378427,-0.563909,0.279598,4.093
0.117541,1.044515,-0.944937,-0.378427,0.597155,0.843379,6.077
0.670386,-0.88099,0.675645,-0.378427,-0.563909,-0.584215,4.132
-0.619146,-0.309173,-1.127538,-0.378427,0.597155,-0.608636,3.133
-0.879697,1.030511,-1.147827,1.273551,-0.563909,0.884546,5.251
-1.101893,1.01184,-1.11993,-0.378427,-0.563909,0.246804,4.399
-0.567564,-0.108454,-0.965226,-0.378427,-0.563909,0.403797,4.002
0.240542,-0.94634,0.733976,1.273551,-0.563909,-0.465597,3.757
-1.671932,0.395678,-0.508724,-0.378427,-0.563909,-0.997282,2.569
0.923002,0.801785,-0.894215,-0.378427,0.597155,1.444141,4.828
-1.671932,0.197293,-0.26272,-0.378427,-0.563909,-1.122179,2.319
1.027487,1.128537,0.051759,-0.378427,0.597155,0.952228,4.706
0.575159,-0.521562,-0.83842,1.273551,-0.563909,0.603354,4.632
-0.664114,-0.94634,1.228519,-0.378427,-0.563909,-1.229632,0.778
-1.153475,-0.94634,0.94701,-0.378427,0.597155,-1.330806,0.855
-1.517189,0.001242,0.480363,-0.378427,-0.563909,-1.692937,0.361
-0.937891,2.234827,1.791539,-0.378427,-0.563909,0.82454,5.242
-2.070034,0.292985,-0.369238,-0.378427,0.597155,-1.741082,3.487
-1.142894,-0.694274,3.495813,1.273551,-0.563909,-1.662236,0.841
-2.546169,0.839128,0.49558,-0.378427,0.597155,-1.346156,2.725
1.229844,1.471627,-0.830812,1.273551,1.758219,1.513916,8.604
0.17309,-0.694274,2.121235,-0.378427,0.597155,-0.797028,1.885
0.138702,-1.154061,0.302835,-0.378427,-0.563909,0.092602,2.647
1.113456,-1.154061,0.728903,-0.378427,-0.563909,0.11493,4.396
-0.453821,1.123869,0.995196,-0.378427,-0.563909,-1.270102,2.601
1.272167,-0.94634,0.650284,-0.378427,0.597155,1.082707,4.51
1.430879,-0.94634,1.089033,-0.378427,-0.563909,0.547534,4.703
-1.474866,-0.694274,0.94701,-0.378427,-0.563909,-1.411047,1.777
-1.021215,-0.88099,1.078888,-0.378427,-0.563909,-1.411047,2.458
1.709947,0.311656,2.286083,-0.378427,-0.563909,-0.60724,2.618
0.220703,0.687421,0.059367,-0.378427,-0.563909,-0.584912,2.015
1.40575,-0.521562,-0.534086,1.273551,-0.563909,1.310173,5.842
0.141347,2.46122,-1.317747,-0.378427,-0.563909,1.880234,7.287
1.933466,-0.521562,-0.166348,1.273551,1.758219,1.483215,6.665
0.170445,-0.694274,-0.716686,-0.378427,0.597155,-0.210919,3.009
-0.595339,0.022247,-0.944937,-0.378427,-0.563909,-0.28488,3.513
0.744451,-0.94634,-0.463074,-0.378427,0.597155,0.172843,3.393
1.74698,0.944155,-0.83842,-0.378427,0.597155,1.49089,9.354
-0.554338,0.603399,-0.861245,-0.378427,-0.563909,-0.252086,4.208
1.02881,-0.521562,0.584344,-0.378427,0.597155,0.125396,3.976
0.17838,0.150614,0.046686,1.273551,-0.563909,-0.627475,4.832
-0.283206,0.839128,-0.17142,-0.378427,0.597155,0.674524,4.404
-0.664114,-0.94634,1.228519,-0.378427,-0.563909,-1.229632,1.121
-0.19856,-0.94634,1.043383,-0.378427,-0.563909,-0.913552,1.589
0.181025,-0.94634,0.934329,-0.378427,-0.563909,-0.628173,2.217
-0.414143,-1.46681,-0.955082,-0.378427,-0.563909,0.101672,3.502
-1.929839,1.051517,1.454234,-0.378427,-0.563909,0.081438,3.402
0.721967,0.587062,0.437249,-0.378427,2.919283,-0.111141,4.004
2.988898,-1.154061,1.261489,-0.378427,-0.563909,0.703829,6.04
-0.492176,0.197293,-0.234823,1.273551,-0.563909,0.072367,3.561
0.919034,1.417946,-0.323587,-0.378427,-0.563909,1.50624,7.607
0.632031,1.515972,-0.960154,-0.378427,-0.563909,2.66869,4.862
1.430879,-0.411867,1.824508,-0.378427,-0.563909,-1.487101,1.81
1.860723,-0.94634,0.137987,4.577507,1.758219,1.255749,5.192
0.036862,-0.108454,1.636835,-0.378427,-0.563909,-0.391636,3.046
1.676882,-1.154061,0.6655,-0.378427,-0.563909,1.387623,5.912
0.052733,1.765704,-0.173956,-0.378427,1.758219,-0.760047,4.593
2.166243,-0.94634,-0.009108,-0.378427,-0.563909,1.952102,6.634
0.311962,-0.94634,0.064439,-0.378427,-0.563909,-0.219292,4.804
-0.969634,-1.154061,1.56836,-0.378427,-0.563909,-1.591764,2.3
-2.343811,-1.154061,0.348485,-0.378427,-0.563909,-1.692937,1.399
-1.943065,-0.94634,1.157508,1.273551,-0.563909,-1.692937,3.076
-1.943065,-0.94634,1.294459,-0.378427,-0.563909,-1.865281,2.72
-2.510459,0.470364,0.351021,-0.378427,0.597155,-0.305115,2.856
-2.55675,0.026915,1.018021,-0.378427,0.597155,-1.330806,3.272
0.136057,-1.154061,4.124771,-0.378427,-0.563909,-3.484058,2.375
-0.19856,-0.94634,1.043383,-0.378427,-0.563909,-0.913552,1.063
-2.141454,0.42602,0.049223,-0.378427,-0.563909,-1.067057,2.925
0.240542,-0.94634,0.733976,-0.378427,0.597155,-0.465597,3.061
-1.818741,0.932486,0.553911,-0.378427,0.597155,-0.776793,2.693
-1.410058,1.35493,0.178565,-0.378427,-0.563909,-2.024368,3.828
-1.583318,1.901073,1.550607,-0.378427,-0.563909,0.591492,4.44
-2.386135,1.417946,0.424569,-0.378427,0.597155,-0.776793,1.911
0.043475,2.524236,-0.909432,2.925529,1.758219,2.103513,7.017
-1.021215,0.470364,0.409352,1.273551,-0.563909,0.244013,4.184
0.982519,-0.694274,1.621618,1.273551,-0.563909,-0.096488,3.246
-1.006666,-0.94634,-0.290618,-0.378427,-0.563909,-1.014726,3.841
0.814549,-1.46681,0.206462,2.925529,1.758219,0.648009,4.465
1.018229,-1.154061,-0.409816,-0.378427,-0.563909,0.274016,3.782
-0.351981,-0.465548,-0.298226,-0.378427,-0.563909,-0.722369,2.975
-0.572855,2.234827,-0.744584,-0.378427,4.080347,1.010839,7.591
-0.751405,-0.113122,1.223447,-0.378427,1.758219,-1.988783,0.89
0.749742,-1.46681,-0.83842,6.229485,-0.563909,0.807794,3.407
0.501094,-0.94634,0.860782,-0.378427,-0.563909,-0.364424,2.182
-0.042494,-0.94634,-0.01418,-0.378427,-0.563909,-0.465597,1.906
1.110811,1.172882,0.736512,1.273551,1.758219,0.31309,4.422
-1.082054,0.944155,-0.993124,-0.378427,-0.563909,0.731042,3.693
1.112133,-1.46681,-0.227215,1.273551,0.597155,0.882453,5.689
0.38735,-0.94634,-0.354021,-0.378427,-0.563909,-0.259762,2.686
1.212651,2.79264,0.145595,-0.378427,-0.563909,-1.785738,4.691
2.287922,1.35493,1.710383,-0.378427,-0.563909,0.228663,4.551
0.676999,-0.94634,-0.039542,1.273551,1.758219,-0.113234,2.737
-0.210463,-1.46681,0.016253,1.273551,0.597155,-0.094395,2.953
-0.19856,-0.94634,1.043383,-0.378427,-0.563909,-0.913552,1.691
-1.15612,0.470364,1.185405,-0.378427,-0.563909,0.081438,2.928
-0.308335,-0.88099,1.187942,-0.378427,-0.563909,-1.844349,1.817
-0.19856,-0.94634,1.043383,-0.378427,-0.563909,-0.913552,1.305
-0.576823,-0.94634,0.840493,-0.378427,0.597155,-1.014726,1.352
-0.689243,-0.694274,1.11693,-0.378427,-0.563909,-1.844349,1.474
0.399254,2.10646,-0.594953,-0.378427,-0.563909,0.683595,6.16
-1.929839,1.051517,1.454234,-0.378427,-0.563909,0.081438,3.213
-2.343811,1.051517,0.37131,1.273551,0.597155,-0.019736,3.47
-1.669287,-0.694274,-0.072511,1.273551,0.597155,-1.736895,2.766
-1.15612,-0.521562,1.956387,-0.378427,0.597155,-1.37895,2.269
-1.84916,1.515972,1.45677,-0.378427,-0.563909,0.345187,3.916
1.400459,-0.94634,-0.062367,2.925529,2.919283,0.6201,4.577
0.641289,1.819385,-1.018485,-0.378427,-0.563909,1.880234,5.44
1.217941,-0.031434,-1.089496,-0.378427,-0.563909,1.931867,3.715
0.192929,0.932486,-0.848565,1.273551,-0.563909,1.15318,5.95
1.161069,-0.521562,-0.947474,-0.378427,-0.563909,0.835006,4.691
0.650547,0.713095,-1.026093,-0.378427,-0.563909,1.623462,5.264
0.987809,-0.94634,-0.351485,-0.378427,-0.563909,0.694759,4.81
1.352846,-0.88099,0.264793,-0.378427,-0.563909,-0.340003,3.416
1.448073,-0.94634,-0.201854,1.273551,-0.563909,1.014328,4.611
-0.517306,-0.521562,0.908968,-0.378427,1.758219,-0.85215,2.495
2.205921,-0.633592,0.254648,6.229485,0.597155,1.251562,6.923
-0.689243,1.515972,-0.810523,-0.378427,-0.563909,1.778362,5.372
-1.031796,0.764442,3.158509,-0.378427,-0.563909,-1.755037,3.845
-0.496144,-0.159801,0.782162,1.273551,0.597155,-1.435468,4.384
0.612192,-0.94634,0.12277,-0.378427,-0.563909,0.013756,5.485
1.060552,-0.94634,0.6655,-0.378427,0.597155,0.871289,3.971
-0.105978,0.470364,0.234359,-0.378427,-0.563909,0.551022,3.92
0.749742,-1.46681,-1.246736,-0.378427,-0.563909,1.289938,4.984
0.138702,-1.154061,-0.663428,-0.378427,-0.563909,0.029804,4.171
1.811787,0.671084,-0.26272,-0.378427,1.758219,-0.12091,7.849
0.47861,-0.521562,-0.944937,-0.378427,-0.563909,0.469386,4.578
0.698161,0.517043,1.264025,-0.378427,-0.563909,0.335418,4.377
1.3092,0.150614,-0.800378,-0.378427,1.758219,1.760919,6.6
0.765613,0.150614,0.127842,-0.378427,1.758219,0.326347,4.116
1.523461,0.150614,0.221679,-0.378427,1.758219,1.052704,5.49
1.523461,0.150614,0.221679,-0.378427,1.758219,1.052704,5.367
0.871421,-0.694274,0.018789,2.925529,0.597155,0.069576,4.711
1.553881,0.150614,-0.310907,-0.378427,1.758219,1.382739,5.224
-0.20385,-0.309173,-1.371006,-0.378427,-0.563909,0.634055,4.284
0.468029,-1.154061,-1.061599,-0.378427,-0.563909,0.523112,5.292
-0.109946,-0.159801,0.739048,-0.378427,1.758219,-1.171719,2.758
-1.146862,0.526379,3.290387,-0.378427,-0.563909,-2.041114,2.689
0.485223,-0.309173,-0.840956,-0.378427,0.597155,0.659871,4.732
-1.075441,1.051517,-1.010877,-0.378427,-0.563909,1.363202,4.89
-0.723631,2.234827,-0.110553,-0.378427,4.080347,1.081311,6.416
-0.100688,0.42602,0.584344,-0.378427,-0.563909,-2.929348,0.6
0.551352,0.671084,1.165116,-0.378427,1.758219,-1.778063,2.501
-1.958936,0.629073,-1.637299,-0.378427,-0.563909,-0.046948,4.421
-1.031796,0.713095,-0.965226,1.273551,-0.563909,0.590794,4.988
-1.287057,1.240566,-1.249272,-0.378427,-0.563909,0.840588,4.499
-0.47895,-0.465548,-1.071744,-0.378427,0.597155,-0.608636,2.537
-0.619146,-0.309173,-0.881534,-0.378427,-0.563909,0.091904,3.568
-1.423284,0.468031,-1.16558,-0.378427,-0.563909,0.2789,3.731
-1.022538,0.022247,-1.173188,-0.378427,-0.563909,-0.531186,2.939
0.264349,0.703759,-0.554375,-0.378427,-0.563909,0.413566,6.236
0.47861,0.42602,-1.500348,-0.378427,-0.563909,1.606716,6.298
0.110928,-0.309173,-0.361629,-0.378427,0.597155,-0.227665,3.522
-1.162733,1.161212,-1.269561,-0.378427,-0.563909,0.840588,4.73
-0.515983,-0.113122,-0.894215,-0.378427,-0.563909,-0.28488,3.789
0.744451,-0.94634,-0.440249,-0.378427,-0.563909,0.491016,4.672
-0.879697,0.026915,-0.947474,1.273551,-0.563909,0.181913,4.75
-0.556984,-0.521562,-1.059063,1.273551,-0.563909,-0.308604,4.725
0.655837,-1.46681,-1.079352,-0.378427,-0.563909,1.093871,4.199
0.051411,-0.302171,-1.251808,-0.378427,-0.563909,1.280868,4.849
0.150606,-0.94634,-1.353253,-0.378427,-0.563909,0.368212,4.538
0.551352,-0.94634,-1.254344,-0.378427,-0.563909,0.710109,4.507
-1.042376,1.217227,-1.454698,1.273551,-0.563909,0.731042,5.518
1.825013,-0.521562,0.130378,-0.378427,-0.563909,1.002466,4.668
0.371479,-1.46681,-1.239128,-0.378427,-0.563909,0.890826,4.322
-0.084817,-1.154061,-0.721759,-0.378427,-0.563909,-0.030202,3.448
-0.595339,0.022247,-0.437713,-0.378427,-0.563909,-0.28488,2.904
1.352846,-1.154061,1.256417,-0.378427,-0.563909,0.274016,3.861
0.838356,-1.154061,0.569128,-0.378427,-0.563909,0.491016,3.959
0.908453,-0.694274,0.500652,-0.378427,-0.563909,0.080042,3.53
0.248478,0.74577,-1.376078,-0.378427,-0.563909,1.030376,5.107
0.749742,-1.46681,-1.157972,-0.378427,-0.563909,1.232723,4.809
0.551352,-0.94634,-1.254344,-0.378427,-0.563909,0.710109,4.44
-1.379639,1.284911,0.37131,-0.378427,-0.563909,-0.364424,2.838
-0.042494,-0.94634,-0.01418,2.925529,-0.563909,-0.540257,3.411
-1.006666,-0.94634,-0.290618,-0.378427,-0.563909,-1.014726,3.288
0.182348,-0.521562,-0.224679,-0.378427,0.597155,0.168656,4.247
0.281543,-0.521562,-0.617778,-0.378427,1.758219,-0.246504,5.169
-0.292464,-0.694274,0.731439,-0.378427,0.597155,-1.06287,2.895
-1.238121,1.672346,-1.294922,-0.378427,-0.563909,1.052006,5.348
-0.603274,0.713095,-0.785162,-0.378427,0.597155,0.615215,4.208
0.360898,-1.154061,-0.716686,-0.378427,-0.563909,0.053528,3.984
0.110928,-0.309173,-0.361629,-0.378427,0.597155,-0.227665,3.665
1.290684,0.022247,0.148131,6.229485,0.597155,0.324952,4.561
-0.619146,-0.309173,-1.175725,1.273551,-0.563909,-0.681899,4.628
-0.612533,1.130871,-0.468146,-0.378427,0.597155,0.170749,2.839
0.461416,0.573058,-0.184101,-0.378427,0.597155,0.383563,4.262
0.039507,1.130871,-0.275401,-0.378427,0.597155,0.570559,4.141
0.445545,1.172882,-0.754728,-0.378427,-0.563909,0.428219,5.354
0.368834,0.001242,-1.071744,-0.378427,-0.563909,0.841286,3.365
-0.533177,-0.159801,-1.163044,1.273551,-0.563909,-0.704925,4.023
-0.879697,-0.136461,-1.04131,-0.378427,-0.563909,-0.42443,3.325
0.371479,-1.46681,-0.584808,-0.378427,-0.563909,0.581026,3.811
-0.225012,-0.94634,-0.863782,-0.378427,-0.563909,-0.174636,3.897
-0.367852,-0.302171,-0.769945,-0.378427,-0.563909,0.768022,4.23
-1.021215,0.470364,-1.000732,-0.378427,-0.563909,0.955019,4.194
-0.902181,-0.108454,-1.152899,-0.378427,-0.563909,0.01236,4.353
-0.367852,-0.794634,-1.152899,-0.378427,-0.563909,0.652894,3.753
-0.084817,-1.154061,-0.87139,-0.378427,-0.563909,-0.174636,3.12
-1.074119,0.026915,-1.155436,-0.378427,-0.563909,0.01236,3.995
0.673031,-1.46681,-0.463074,-0.378427,-0.563909,0.802212,4.192
0.150606,-0.94634,-0.686253,-0.378427,-0.563909,0.058412,3.92
-0.556984,0.470364,-0.787698,-0.378427,-0.563909,1.176205,4.54
-0.556984,0.470364,-0.787698,-0.378427,-0.563909,1.176205,4.743
-1.082054,0.612735,-1.21123,-0.378427,-0.563909,0.432405,4.332
-0.013396,-0.88099,-0.886607,-0.378427,-0.563909,-0.602356,1.935
-1.082054,0.612735,-1.21123,-0.378427,-0.563909,0.432405,4.989
-1.021215,1.515972,-1.00834,-0.378427,-0.563909,1.761616,5.815
-1.287057,1.240566,-1.249272,-0.378427,-0.563909,0.840588,5.192
1.047326,-0.94634,-1.04131,-0.378427,-0.563909,1.240398,6.644
1.211328,-0.694274,-0.173956,-0.378427,0.597155,0.862218,3.698
-0.013396,-0.521562,0.452466,1.273551,1.758219,-0.409778,5.105
-0.098043,-0.94634,-0.615242,-0.378427,-0.563909,-0.402102,4.05
-1.379639,1.023509,-0.12577,-0.378427,-0.563909,-0.364424,3.487
-0.12714,-0.94634,0.77709,1.273551,-0.563909,-0.729346,3.937
-1.29367,1.051517,1.127075,-0.378427,-0.563909,0.345187,3.408
-0.12714,-0.94634,0.77709,-0.378427,0.597155,-0.729346,1.748
-0.612533,-0.694274,0.604633,-0.378427,0.597155,-1.06287,2.014
0.942841,-0.694274,1.834653,-0.378427,-0.563909,-0.499787,2.859
-0.903504,0.603399,-1.028629,-0.378427,-0.563909,-0.498392,4.084
0.34635,0.932486,-1.228983,-0.378427,-0.563909,1.208999,5.939
0.47861,-0.521562,-0.361629,1.273551,-0.563909,0.000499,3.835
-1.234153,-0.521562,-0.315979,1.273551,-0.563909,-1.572925,3.66
-1.474866,0.001242,-1.378614,1.273551,-0.563909,-0.958208,3.46
-0.727599,0.311656,-1.125002,-0.378427,-0.563909,0.357048,3.769
0.744451,-0.94634,-0.440249,-0.378427,-0.563909,0.491016,4.463
0.673031,-1.46681,-0.463074,-0.378427,-0.563909,0.802212,4.279
-0.098043,-0.94634,-0.744584,-0.378427,0.597155,-0.005083,2.87
-0.879697,0.026915,-0.947474,-0.378427,0.597155,-0.005083,3.615
-1.082054,-0.309173,-1.104713,-0.378427,-0.563909,-0.155099,3.022
-0.613855,1.263906,-0.754728,1.273551,-0.563909,-0.501183,3.575
-0.176076,-0.694274,-0.868854,-0.378427,0.597155,-0.432105,2.55
-0.619146,-0.309173,-0.881534,-0.378427,-0.563909,0.091904,3.66
-0.854568,1.042181,-1.036238,-0.378427,-0.563909,-0.072765,5.303
-0.515983,-0.113122,-0.894215,-0.378427,-0.563909,-0.28488,3.242
-0.515983,-0.113122,-0.894215,-0.378427,-0.563909,-0.28488,3.345
-0.85589,0.022247,-1.071744,1.273551,-0.563909,-0.348376,4.416
-1.063538,0.463363,-1.099641,-0.378427,-0.563909,-0.155797,4.239
1.112133,-1.46681,-0.110553,2.925529,1.758219,0.807794,4.638
0.573836,-1.154061,0.571664,-0.378427,-0.563909,0.279598,3.415
-0.619146,-0.309173,-0.881534,-0.378427,-0.563909,0.091904,3.441
-0.109946,-0.159801,0.739048,1.273551,0.597155,-1.171719,4.59
-1.84916,-0.521562,0.952082,-0.378427,0.597155,-1.741082,2.661
0.301382,0.150614,1.005341,2.925529,1.758219,-0.757256,4.282
1.272167,-0.94634,0.343413,-0.378427,-0.563909,0.274016,3.919
-1.433865,1.604662,-0.556911,-0.378427,0.597155,-0.69097,3.35
1.047326,1.238232,0.003572,-0.378427,1.758219,1.632533,5.749
1.736399,0.708427,-0.630458,-0.378427,0.597155,1.899771,8.916
-0.976247,1.240566,0.794843,-0.378427,-0.563909,-0.118119,3.13
1.88982,-0.159801,-0.100409,2.925529,5.241411,0.899897,6.683
0.210122,2.351524,-0.757264,-0.378427,1.758219,1.634626,8.433
0.665096,0.241638,-0.275401,-0.378427,0.597155,0.475666,3.529
-1.074119,2.036442,-1.338036,-0.378427,-0.563909,1.255749,6.093
0.240542,-0.94634,0.427105,2.925529,-0.563909,-0.465597,2.494
0.676999,-1.154061,1.086497,-0.378427,-0.563909,-2.290908,3.017
0.268317,2.115796,0.082192,-0.378427,0.597155,-0.316977,6.238
0.92697,0.17162,0.558983,2.925529,0.597155,0.793839,6.183
0.116218,0.776111,0.952082,-0.378427,4.080347,-0.217199,3.152
-0.124494,1.123869,-1.713383,-0.378427,6.402475,-0.552816,6.254
1.020874,0.232302,2.070512,-0.378427,2.919283,0.124698,2.964
0.762968,-0.521562,-1.061599,1.273551,1.758219,0.724762,4.803
-0.128462,0.232302,2.364702,-0.378427,1.758219,-0.958208,3.109
0.997067,0.56839,-1.081888,2.925529,2.919283,1.307382,4.04
1.143876,0.671084,-1.053991,-0.378427,6.402475,0.56428,4.818
-0.088784,1.784376,-0.549302,-0.378427,0.597155,-0.839591,5.317
1.532719,0.941821,-0.280473,1.273551,2.919283,1.845346,8.201
